<?xml version="1.0" encoding="ISO-8859-1" ?>
<link_info>
   <banner>TI ARM Linker PC v20.2.0.LTS</banner>
   <copyright>Copyright (c) 1996-2018 Texas Instruments Incorporated</copyright>
   <link_time>0x613add1e</link_time>
   <link_errors>0x0</link_errors>
   <output_file>blinkled_msp432p401r_MSP_EXP432P401R_nortos_ccs.out</output_file>
   <entry_point>
      <name>_c_int00_noinit_noargs</name>
      <address>0x1d1</address>
   </entry_point>
   <input_file_list>
      <input_file id="fl-2">
         <path>.\</path>
         <kind>object</kind>
         <file>main.obj</file>
         <name>main.obj</name>
      </input_file>
      <input_file id="fl-3">
         <path>.\</path>
         <kind>object</kind>
         <file>system_msp432p401r.obj</file>
         <name>system_msp432p401r.obj</name>
      </input_file>
      <input_file id="fl-4">
         <path>.\ccs\</path>
         <kind>object</kind>
         <file>startup_msp432p401r_ccs.obj</file>
         <name>startup_msp432p401r_ccs.obj</name>
      </input_file>
      <input_file id="fl-e">
         <kind>object</kind>
         <file>&lt;internal&gt;</file>
         <name>&lt;internal&gt;</name>
      </input_file>
      <input_file id="fl-f">
         <path>C:\ti\simplelink_msp432p4_sdk_3_40_01_02\source\ti\devices\msp432p4xx\driverlib\ccs\</path>
         <kind>archive</kind>
         <file>msp432p4xx_driverlib.lib</file>
         <name>gpio.o</name>
      </input_file>
      <input_file id="fl-10">
         <path>C:\ti\simplelink_msp432p4_sdk_3_40_01_02\source\ti\devices\msp432p4xx\driverlib\ccs\</path>
         <kind>archive</kind>
         <file>msp432p4xx_driverlib.lib</file>
         <name>interrupt.o</name>
      </input_file>
      <input_file id="fl-11">
         <path>C:\ti\simplelink_msp432p4_sdk_3_40_01_02\source\ti\devices\msp432p4xx\driverlib\ccs\</path>
         <kind>archive</kind>
         <file>msp432p4xx_driverlib.lib</file>
         <name>wdt_a.o</name>
      </input_file>
      <input_file id="fl-12">
         <path>C:\ti\simplelink_msp432p4_sdk_3_40_01_02\source\ti\devices\msp432p4xx\driverlib\ccs\</path>
         <kind>archive</kind>
         <file>msp432p4xx_driverlib.lib</file>
         <name>cpu.o</name>
      </input_file>
      <input_file id="fl-13">
         <path>C:\ti\simplelink_msp432p4_sdk_3_40_01_02\source\ti\devices\msp432p4xx\driverlib\ccs\</path>
         <kind>archive</kind>
         <file>msp432p4xx_driverlib.lib</file>
         <name>sysctl_a.o</name>
      </input_file>
      <input_file id="fl-c9">
         <path>C:\ti\ccs1000\ccs\tools\compiler\ti-cgt-arm_20.2.0.LTS\lib\</path>
         <kind>archive</kind>
         <file>rtsv7M4_T_le_v4SPD16_eabi.lib</file>
         <name>copy_zero_init.c.obj</name>
      </input_file>
      <input_file id="fl-ca">
         <path>C:\ti\ccs1000\ccs\tools\compiler\ti-cgt-arm_20.2.0.LTS\lib\</path>
         <kind>archive</kind>
         <file>rtsv7M4_T_le_v4SPD16_eabi.lib</file>
         <name>copy_decompress_none.c.obj</name>
      </input_file>
      <input_file id="fl-cb">
         <path>C:\ti\ccs1000\ccs\tools\compiler\ti-cgt-arm_20.2.0.LTS\lib\</path>
         <kind>archive</kind>
         <file>rtsv7M4_T_le_v4SPD16_eabi.lib</file>
         <name>copy_decompress_lzss.c.obj</name>
      </input_file>
      <input_file id="fl-cc">
         <path>C:\ti\ccs1000\ccs\tools\compiler\ti-cgt-arm_20.2.0.LTS\lib\</path>
         <kind>archive</kind>
         <file>rtsv7M4_T_le_v4SPD16_eabi.lib</file>
         <name>boot_cortex_m.c.obj</name>
      </input_file>
      <input_file id="fl-cd">
         <path>C:\ti\ccs1000\ccs\tools\compiler\ti-cgt-arm_20.2.0.LTS\lib\</path>
         <kind>archive</kind>
         <file>rtsv7M4_T_le_v4SPD16_eabi.lib</file>
         <name>memcpy_t2.asm.obj</name>
      </input_file>
      <input_file id="fl-ce">
         <path>C:\ti\ccs1000\ccs\tools\compiler\ti-cgt-arm_20.2.0.LTS\lib\</path>
         <kind>archive</kind>
         <file>rtsv7M4_T_le_v4SPD16_eabi.lib</file>
         <name>memset_t2.asm.obj</name>
      </input_file>
      <input_file id="fl-cf">
         <path>C:\ti\ccs1000\ccs\tools\compiler\ti-cgt-arm_20.2.0.LTS\lib\</path>
         <kind>archive</kind>
         <file>rtsv7M4_T_le_v4SPD16_eabi.lib</file>
         <name>autoinit.c.obj</name>
      </input_file>
      <input_file id="fl-d0">
         <path>C:\ti\ccs1000\ccs\tools\compiler\ti-cgt-arm_20.2.0.LTS\lib\</path>
         <kind>archive</kind>
         <file>rtsv7M4_T_le_v4SPD16_eabi.lib</file>
         <name>pre_init.c.obj</name>
      </input_file>
      <input_file id="fl-d1">
         <path>C:\ti\ccs1000\ccs\tools\compiler\ti-cgt-arm_20.2.0.LTS\lib\</path>
         <kind>archive</kind>
         <file>rtsv7M4_T_le_v4SPD16_eabi.lib</file>
         <name>cpy_tbl.c.obj</name>
      </input_file>
      <input_file id="fl-d2">
         <path>C:\ti\ccs1000\ccs\tools\compiler\ti-cgt-arm_20.2.0.LTS\lib\</path>
         <kind>archive</kind>
         <file>rtsv7M4_T_le_v4SPD16_eabi.lib</file>
         <name>exit.c.obj</name>
      </input_file>
      <input_file id="fl-d3">
         <path>C:\ti\ccs1000\ccs\tools\compiler\ti-cgt-arm_20.2.0.LTS\lib\</path>
         <kind>archive</kind>
         <file>rtsv7M4_T_le_v4SPD16_eabi.lib</file>
         <name>_lock.c.obj</name>
      </input_file>
      <input_file id="fl-d4">
         <path>C:\ti\ccs1000\ccs\tools\compiler\ti-cgt-arm_20.2.0.LTS\lib\</path>
         <kind>archive</kind>
         <file>rtsv7M4_T_le_v4SPD16_eabi.lib</file>
         <name>args_main.c.obj</name>
      </input_file>
   </input_file_list>
   <object_component_list>
      <object_component id="oc-26">
         <name>.intvecs:retain</name>
         <load_address>0x0</load_address>
         <run_address>0x0</run_address>
         <size>0xe4</size>
         <input_file_ref idref="fl-4"/>
      </object_component>
      <object_component id="oc-ab">
         <name>.text:SystemInit</name>
         <load_address>0xe4</load_address>
         <run_address>0xe4</run_address>
         <size>0x78</size>
         <input_file_ref idref="fl-3"/>
      </object_component>
      <object_component id="oc-d0">
         <name>.text:GPIO_setAsOutputPin</name>
         <load_address>0x15c</load_address>
         <run_address>0x15c</run_address>
         <size>0x40</size>
         <input_file_ref idref="fl-f"/>
      </object_component>
      <object_component id="oc-99">
         <name>.text:main</name>
         <load_address>0x19c</load_address>
         <run_address>0x19c</run_address>
         <size>0x34</size>
         <input_file_ref idref="fl-2"/>
      </object_component>
      <object_component id="oc-4f">
         <name>.text:_c_int00_noinit_noargs:_c_int00_noinit_noargs</name>
         <load_address>0x1d0</load_address>
         <run_address>0x1d0</run_address>
         <size>0x2c</size>
         <input_file_ref idref="fl-cc"/>
      </object_component>
      <object_component id="oc-d6">
         <name>.text:GPIO_toggleOutputOnPin</name>
         <load_address>0x1fc</load_address>
         <run_address>0x1fc</run_address>
         <size>0x28</size>
         <input_file_ref idref="fl-f"/>
      </object_component>
      <object_component id="oc-ca">
         <name>.text:WDT_A_holdTimer</name>
         <load_address>0x224</load_address>
         <run_address>0x224</run_address>
         <size>0x24</size>
         <input_file_ref idref="fl-11"/>
      </object_component>
      <object_component id="oc-67">
         <name>.text:Reset_Handler</name>
         <load_address>0x248</load_address>
         <run_address>0x248</run_address>
         <size>0xc</size>
         <input_file_ref idref="fl-4"/>
      </object_component>
      <object_component id="oc-93">
         <name>.text:_system_pre_init</name>
         <load_address>0x254</load_address>
         <run_address>0x254</run_address>
         <size>0x4</size>
         <input_file_ref idref="fl-d0"/>
      </object_component>
      <object_component id="oc-de">
         <name>.text:abort:abort</name>
         <load_address>0x258</load_address>
         <run_address>0x258</run_address>
         <size>0x4</size>
         <input_file_ref idref="fl-d2"/>
      </object_component>
      <object_component id="oc-6d">
         <name>.text:Default_Handler</name>
         <load_address>0x25c</load_address>
         <run_address>0x25c</run_address>
         <size>0x2</size>
         <input_file_ref idref="fl-4"/>
      </object_component>
      <object_component id="oc-128">
         <name>.const:GPIO_PORT_TO_BASE</name>
         <load_address>0x260</load_address>
         <run_address>0x260</run_address>
         <size>0x30</size>
         <input_file_ref idref="fl-f"/>
      </object_component>
      <object_component id="oc-1b4">
         <name>.binit</name>
         <load_address>0x0</load_address>
         <run_address>0x0</run_address>
         <size>0x0</size>
      </object_component>
      <object_component id="oc-29">
         <name>.stack</name>
         <uninitialized>true</uninitialized>
         <run_address>0x2000fe00</run_address>
         <size>0x4</size>
         <input_file_ref idref="fl-cc"/>
      </object_component>
      <object_component id="oc-1e2">
         <name>.stack</name>
         <uninitialized>true</uninitialized>
         <run_address>0x2000fe00</run_address>
         <size>0x0</size>
      </object_component>
      <object_component id="oc-dd">
         <name>.debug_info</name>
         <load_address>0x0</load_address>
         <run_address>0x0</run_address>
         <size>0x5fa</size>
         <input_file_ref idref="fl-2"/>
      </object_component>
      <object_component id="oc-9a">
         <name>.debug_info</name>
         <load_address>0x5fa</load_address>
         <run_address>0x5fa</run_address>
         <size>0x16a</size>
         <input_file_ref idref="fl-2"/>
      </object_component>
      <object_component id="oc-b5">
         <name>.debug_info</name>
         <load_address>0x764</load_address>
         <run_address>0x764</run_address>
         <size>0x26b</size>
         <input_file_ref idref="fl-2"/>
      </object_component>
      <object_component id="oc-139">
         <name>.debug_info</name>
         <load_address>0x9cf</load_address>
         <run_address>0x9cf</run_address>
         <size>0x1028</size>
         <input_file_ref idref="fl-2"/>
      </object_component>
      <object_component id="oc-134">
         <name>.debug_info</name>
         <load_address>0x19f7</load_address>
         <run_address>0x19f7</run_address>
         <size>0x37e2</size>
         <input_file_ref idref="fl-2"/>
      </object_component>
      <object_component id="oc-32">
         <name>.debug_info</name>
         <load_address>0x51d9</load_address>
         <run_address>0x51d9</run_address>
         <size>0x84</size>
         <input_file_ref idref="fl-2"/>
      </object_component>
      <object_component id="oc-11d">
         <name>.debug_info</name>
         <load_address>0x525d</load_address>
         <run_address>0x525d</run_address>
         <size>0x2a4</size>
         <input_file_ref idref="fl-2"/>
      </object_component>
      <object_component id="oc-143">
         <name>.debug_info</name>
         <load_address>0x5501</load_address>
         <run_address>0x5501</run_address>
         <size>0xef</size>
         <input_file_ref idref="fl-2"/>
      </object_component>
      <object_component id="oc-13e">
         <name>.debug_info</name>
         <load_address>0x55f0</load_address>
         <run_address>0x55f0</run_address>
         <size>0xbb</size>
         <input_file_ref idref="fl-2"/>
      </object_component>
      <object_component id="oc-ac">
         <name>.debug_info</name>
         <load_address>0x56ab</load_address>
         <run_address>0x56ab</run_address>
         <size>0x14c</size>
         <input_file_ref idref="fl-3"/>
      </object_component>
      <object_component id="oc-75">
         <name>.debug_info</name>
         <load_address>0x57f7</load_address>
         <run_address>0x57f7</run_address>
         <size>0x2ec</size>
         <input_file_ref idref="fl-4"/>
      </object_component>
      <object_component id="oc-27">
         <name>.debug_info</name>
         <load_address>0x5ae3</load_address>
         <run_address>0x5ae3</run_address>
         <size>0x118</size>
         <input_file_ref idref="fl-4"/>
      </object_component>
      <object_component id="oc-68">
         <name>.debug_info</name>
         <load_address>0x5bfb</load_address>
         <run_address>0x5bfb</run_address>
         <size>0x17b</size>
         <input_file_ref idref="fl-4"/>
      </object_component>
      <object_component id="oc-6e">
         <name>.debug_info</name>
         <load_address>0x5d76</load_address>
         <run_address>0x5d76</run_address>
         <size>0x163</size>
         <input_file_ref idref="fl-4"/>
      </object_component>
      <object_component id="oc-16f">
         <name>.debug_info</name>
         <load_address>0x5ed9</load_address>
         <run_address>0x5ed9</run_address>
         <size>0x701</size>
         <input_file_ref idref="fl-f"/>
      </object_component>
      <object_component id="oc-129">
         <name>.debug_info</name>
         <load_address>0x65da</load_address>
         <run_address>0x65da</run_address>
         <size>0x135</size>
         <input_file_ref idref="fl-f"/>
      </object_component>
      <object_component id="oc-d4">
         <name>.debug_info</name>
         <load_address>0x670f</load_address>
         <run_address>0x670f</run_address>
         <size>0x252</size>
         <input_file_ref idref="fl-f"/>
      </object_component>
      <object_component id="oc-d9">
         <name>.debug_info</name>
         <load_address>0x6961</load_address>
         <run_address>0x6961</run_address>
         <size>0x258</size>
         <input_file_ref idref="fl-f"/>
      </object_component>
      <object_component id="oc-19d">
         <name>.debug_info</name>
         <load_address>0x6bb9</load_address>
         <run_address>0x6bb9</run_address>
         <size>0x26b</size>
         <input_file_ref idref="fl-f"/>
      </object_component>
      <object_component id="oc-198">
         <name>.debug_info</name>
         <load_address>0x6e24</load_address>
         <run_address>0x6e24</run_address>
         <size>0x1028</size>
         <input_file_ref idref="fl-f"/>
      </object_component>
      <object_component id="oc-193">
         <name>.debug_info</name>
         <load_address>0x7e4c</load_address>
         <run_address>0x7e4c</run_address>
         <size>0x431a</size>
         <input_file_ref idref="fl-f"/>
      </object_component>
      <object_component id="oc-168">
         <name>.debug_info</name>
         <load_address>0xc166</load_address>
         <run_address>0xc166</run_address>
         <size>0x297</size>
         <input_file_ref idref="fl-f"/>
      </object_component>
      <object_component id="oc-12c">
         <name>.debug_info</name>
         <load_address>0xc3fd</load_address>
         <run_address>0xc3fd</run_address>
         <size>0xef</size>
         <input_file_ref idref="fl-f"/>
      </object_component>
      <object_component id="oc-123">
         <name>.debug_info</name>
         <load_address>0xc4ec</load_address>
         <run_address>0xc4ec</run_address>
         <size>0xbb</size>
         <input_file_ref idref="fl-f"/>
      </object_component>
      <object_component id="oc-cc">
         <name>.debug_info</name>
         <load_address>0xc5a7</load_address>
         <run_address>0xc5a7</run_address>
         <size>0x1c9</size>
         <input_file_ref idref="fl-11"/>
      </object_component>
      <object_component id="oc-2a">
         <name>.debug_info</name>
         <load_address>0xc770</load_address>
         <run_address>0xc770</run_address>
         <size>0x10b</size>
         <input_file_ref idref="fl-cc"/>
      </object_component>
      <object_component id="oc-50">
         <name>.debug_info</name>
         <load_address>0xc87b</load_address>
         <run_address>0xc87b</run_address>
         <size>0x1a2</size>
         <input_file_ref idref="fl-cc"/>
      </object_component>
      <object_component id="oc-96">
         <name>.debug_info</name>
         <load_address>0xca1d</load_address>
         <run_address>0xca1d</run_address>
         <size>0x153</size>
         <input_file_ref idref="fl-d0"/>
      </object_component>
      <object_component id="oc-df">
         <name>.debug_info</name>
         <load_address>0xcb70</load_address>
         <run_address>0xcb70</run_address>
         <size>0x122</size>
         <input_file_ref idref="fl-d2"/>
      </object_component>
      <object_component id="oc-1e3">
         <name>.debug_info</name>
         <load_address>0xcc92</load_address>
         <run_address>0xcc92</run_address>
         <size>0xc0</size>
      </object_component>
      <object_component id="oc-133">
         <name>.debug_line</name>
         <load_address>0x0</load_address>
         <run_address>0x0</run_address>
         <size>0xd5</size>
         <input_file_ref idref="fl-2"/>
      </object_component>
      <object_component id="oc-9d">
         <name>.debug_line</name>
         <load_address>0xd5</load_address>
         <run_address>0xd5</run_address>
         <size>0x57</size>
         <input_file_ref idref="fl-2"/>
      </object_component>
      <object_component id="oc-b8">
         <name>.debug_line</name>
         <load_address>0x12c</load_address>
         <run_address>0x12c</run_address>
         <size>0x6f</size>
         <input_file_ref idref="fl-2"/>
      </object_component>
      <object_component id="oc-13c">
         <name>.debug_line</name>
         <load_address>0x19b</load_address>
         <run_address>0x19b</run_address>
         <size>0x78</size>
         <input_file_ref idref="fl-2"/>
      </object_component>
      <object_component id="oc-137">
         <name>.debug_line</name>
         <load_address>0x213</load_address>
         <run_address>0x213</run_address>
         <size>0x7b</size>
         <input_file_ref idref="fl-2"/>
      </object_component>
      <object_component id="oc-35">
         <name>.debug_line</name>
         <load_address>0x28e</load_address>
         <run_address>0x28e</run_address>
         <size>0x20</size>
         <input_file_ref idref="fl-2"/>
      </object_component>
      <object_component id="oc-120">
         <name>.debug_line</name>
         <load_address>0x2ae</load_address>
         <run_address>0x2ae</run_address>
         <size>0x73</size>
         <input_file_ref idref="fl-2"/>
      </object_component>
      <object_component id="oc-146">
         <name>.debug_line</name>
         <load_address>0x321</load_address>
         <run_address>0x321</run_address>
         <size>0x6f</size>
         <input_file_ref idref="fl-2"/>
      </object_component>
      <object_component id="oc-141">
         <name>.debug_line</name>
         <load_address>0x390</load_address>
         <run_address>0x390</run_address>
         <size>0x70</size>
         <input_file_ref idref="fl-2"/>
      </object_component>
      <object_component id="oc-af">
         <name>.debug_line</name>
         <load_address>0x400</load_address>
         <run_address>0x400</run_address>
         <size>0x66</size>
         <input_file_ref idref="fl-3"/>
      </object_component>
      <object_component id="oc-b4">
         <name>.debug_line</name>
         <load_address>0x466</load_address>
         <run_address>0x466</run_address>
         <size>0x44</size>
         <input_file_ref idref="fl-4"/>
      </object_component>
      <object_component id="oc-74">
         <name>.debug_line</name>
         <load_address>0x4aa</load_address>
         <run_address>0x4aa</run_address>
         <size>0x44</size>
         <input_file_ref idref="fl-4"/>
      </object_component>
      <object_component id="oc-6b">
         <name>.debug_line</name>
         <load_address>0x4ee</load_address>
         <run_address>0x4ee</run_address>
         <size>0x5d</size>
         <input_file_ref idref="fl-4"/>
      </object_component>
      <object_component id="oc-71">
         <name>.debug_line</name>
         <load_address>0x54b</load_address>
         <run_address>0x54b</run_address>
         <size>0x59</size>
         <input_file_ref idref="fl-4"/>
      </object_component>
      <object_component id="oc-192">
         <name>.debug_line</name>
         <load_address>0x5a4</load_address>
         <run_address>0x5a4</run_address>
         <size>0x56</size>
         <input_file_ref idref="fl-f"/>
      </object_component>
      <object_component id="oc-16e">
         <name>.debug_line</name>
         <load_address>0x5fa</load_address>
         <run_address>0x5fa</run_address>
         <size>0x51</size>
         <input_file_ref idref="fl-f"/>
      </object_component>
      <object_component id="oc-d2">
         <name>.debug_line</name>
         <load_address>0x64b</load_address>
         <run_address>0x64b</run_address>
         <size>0x6e</size>
         <input_file_ref idref="fl-f"/>
      </object_component>
      <object_component id="oc-d7">
         <name>.debug_line</name>
         <load_address>0x6b9</load_address>
         <run_address>0x6b9</run_address>
         <size>0x6c</size>
         <input_file_ref idref="fl-f"/>
      </object_component>
      <object_component id="oc-1a0">
         <name>.debug_line</name>
         <load_address>0x725</load_address>
         <run_address>0x725</run_address>
         <size>0x51</size>
         <input_file_ref idref="fl-f"/>
      </object_component>
      <object_component id="oc-19b">
         <name>.debug_line</name>
         <load_address>0x776</load_address>
         <run_address>0x776</run_address>
         <size>0x4f</size>
         <input_file_ref idref="fl-f"/>
      </object_component>
      <object_component id="oc-196">
         <name>.debug_line</name>
         <load_address>0x7c5</load_address>
         <run_address>0x7c5</run_address>
         <size>0x51</size>
         <input_file_ref idref="fl-f"/>
      </object_component>
      <object_component id="oc-16b">
         <name>.debug_line</name>
         <load_address>0x816</load_address>
         <run_address>0x816</run_address>
         <size>0x55</size>
         <input_file_ref idref="fl-f"/>
      </object_component>
      <object_component id="oc-12f">
         <name>.debug_line</name>
         <load_address>0x86b</load_address>
         <run_address>0x86b</run_address>
         <size>0x51</size>
         <input_file_ref idref="fl-f"/>
      </object_component>
      <object_component id="oc-126">
         <name>.debug_line</name>
         <load_address>0x8bc</load_address>
         <run_address>0x8bc</run_address>
         <size>0x52</size>
         <input_file_ref idref="fl-f"/>
      </object_component>
      <object_component id="oc-ce">
         <name>.debug_line</name>
         <load_address>0x90e</load_address>
         <run_address>0x90e</run_address>
         <size>0x6a</size>
         <input_file_ref idref="fl-11"/>
      </object_component>
      <object_component id="oc-77">
         <name>.debug_line</name>
         <load_address>0x978</load_address>
         <run_address>0x978</run_address>
         <size>0x33</size>
         <input_file_ref idref="fl-cc"/>
      </object_component>
      <object_component id="oc-54">
         <name>.debug_line</name>
         <load_address>0x9ab</load_address>
         <run_address>0x9ab</run_address>
         <size>0x48</size>
         <input_file_ref idref="fl-cc"/>
      </object_component>
      <object_component id="oc-94">
         <name>.debug_line</name>
         <load_address>0x9f3</load_address>
         <run_address>0x9f3</run_address>
         <size>0x40</size>
         <input_file_ref idref="fl-d0"/>
      </object_component>
      <object_component id="oc-e3">
         <name>.debug_line</name>
         <load_address>0xa33</load_address>
         <run_address>0xa33</run_address>
         <size>0x3c</size>
         <input_file_ref idref="fl-d2"/>
      </object_component>
      <object_component id="oc-9e">
         <name>.debug_frame</name>
         <load_address>0x0</load_address>
         <run_address>0x0</run_address>
         <size>0x58</size>
         <input_file_ref idref="fl-2"/>
      </object_component>
      <object_component id="oc-b0">
         <name>.debug_frame</name>
         <load_address>0x58</load_address>
         <run_address>0x58</run_address>
         <size>0x54</size>
         <input_file_ref idref="fl-3"/>
      </object_component>
      <object_component id="oc-6c">
         <name>.debug_frame</name>
         <load_address>0xac</load_address>
         <run_address>0xac</run_address>
         <size>0x58</size>
         <input_file_ref idref="fl-4"/>
      </object_component>
      <object_component id="oc-72">
         <name>.debug_frame</name>
         <load_address>0x104</load_address>
         <run_address>0x104</run_address>
         <size>0x54</size>
         <input_file_ref idref="fl-4"/>
      </object_component>
      <object_component id="oc-d3">
         <name>.debug_frame</name>
         <load_address>0x158</load_address>
         <run_address>0x158</run_address>
         <size>0x58</size>
         <input_file_ref idref="fl-f"/>
      </object_component>
      <object_component id="oc-d8">
         <name>.debug_frame</name>
         <load_address>0x1b0</load_address>
         <run_address>0x1b0</run_address>
         <size>0x58</size>
         <input_file_ref idref="fl-f"/>
      </object_component>
      <object_component id="oc-cf">
         <name>.debug_frame</name>
         <load_address>0x208</load_address>
         <run_address>0x208</run_address>
         <size>0x58</size>
         <input_file_ref idref="fl-11"/>
      </object_component>
      <object_component id="oc-53">
         <name>.debug_frame</name>
         <load_address>0x260</load_address>
         <run_address>0x260</run_address>
         <size>0x50</size>
         <input_file_ref idref="fl-cc"/>
      </object_component>
      <object_component id="oc-98">
         <name>.debug_frame</name>
         <load_address>0x2b0</load_address>
         <run_address>0x2b0</run_address>
         <size>0x54</size>
         <input_file_ref idref="fl-d0"/>
      </object_component>
      <object_component id="oc-e2">
         <name>.debug_frame</name>
         <load_address>0x304</load_address>
         <run_address>0x304</run_address>
         <size>0x54</size>
         <input_file_ref idref="fl-d2"/>
      </object_component>
      <object_component id="oc-132">
         <name>.debug_abbrev</name>
         <load_address>0x0</load_address>
         <run_address>0x0</run_address>
         <size>0xc1</size>
         <input_file_ref idref="fl-2"/>
      </object_component>
      <object_component id="oc-dc">
         <name>.debug_abbrev</name>
         <load_address>0xc1</load_address>
         <run_address>0xc1</run_address>
         <size>0x62</size>
         <input_file_ref idref="fl-2"/>
      </object_component>
      <object_component id="oc-b7">
         <name>.debug_abbrev</name>
         <load_address>0x123</load_address>
         <run_address>0x123</run_address>
         <size>0x69</size>
         <input_file_ref idref="fl-2"/>
      </object_component>
      <object_component id="oc-13b">
         <name>.debug_abbrev</name>
         <load_address>0x18c</load_address>
         <run_address>0x18c</run_address>
         <size>0x97</size>
         <input_file_ref idref="fl-2"/>
      </object_component>
      <object_component id="oc-136">
         <name>.debug_abbrev</name>
         <load_address>0x223</load_address>
         <run_address>0x223</run_address>
         <size>0xbd</size>
         <input_file_ref idref="fl-2"/>
      </object_component>
      <object_component id="oc-34">
         <name>.debug_abbrev</name>
         <load_address>0x2e0</load_address>
         <run_address>0x2e0</run_address>
         <size>0x1f</size>
         <input_file_ref idref="fl-2"/>
      </object_component>
      <object_component id="oc-11f">
         <name>.debug_abbrev</name>
         <load_address>0x2ff</load_address>
         <run_address>0x2ff</run_address>
         <size>0x5c</size>
         <input_file_ref idref="fl-2"/>
      </object_component>
      <object_component id="oc-145">
         <name>.debug_abbrev</name>
         <load_address>0x35b</load_address>
         <run_address>0x35b</run_address>
         <size>0x24</size>
         <input_file_ref idref="fl-2"/>
      </object_component>
      <object_component id="oc-140">
         <name>.debug_abbrev</name>
         <load_address>0x37f</load_address>
         <run_address>0x37f</run_address>
         <size>0x24</size>
         <input_file_ref idref="fl-2"/>
      </object_component>
      <object_component id="oc-11c">
         <name>.debug_abbrev</name>
         <load_address>0x3a3</load_address>
         <run_address>0x3a3</run_address>
         <size>0x50</size>
         <input_file_ref idref="fl-3"/>
      </object_component>
      <object_component id="oc-b3">
         <name>.debug_abbrev</name>
         <load_address>0x3f3</load_address>
         <run_address>0x3f3</run_address>
         <size>0x7c</size>
         <input_file_ref idref="fl-4"/>
      </object_component>
      <object_component id="oc-73">
         <name>.debug_abbrev</name>
         <load_address>0x46f</load_address>
         <run_address>0x46f</run_address>
         <size>0x29</size>
         <input_file_ref idref="fl-4"/>
      </object_component>
      <object_component id="oc-b1">
         <name>.debug_abbrev</name>
         <load_address>0x498</load_address>
         <run_address>0x498</run_address>
         <size>0x5e</size>
         <input_file_ref idref="fl-4"/>
      </object_component>
      <object_component id="oc-b2">
         <name>.debug_abbrev</name>
         <load_address>0x4f6</load_address>
         <run_address>0x4f6</run_address>
         <size>0x42</size>
         <input_file_ref idref="fl-4"/>
      </object_component>
      <object_component id="oc-191">
         <name>.debug_abbrev</name>
         <load_address>0x538</load_address>
         <run_address>0x538</run_address>
         <size>0xbb</size>
         <input_file_ref idref="fl-f"/>
      </object_component>
      <object_component id="oc-16d">
         <name>.debug_abbrev</name>
         <load_address>0x5f3</load_address>
         <run_address>0x5f3</run_address>
         <size>0x27</size>
         <input_file_ref idref="fl-f"/>
      </object_component>
      <object_component id="oc-12b">
         <name>.debug_abbrev</name>
         <load_address>0x61a</load_address>
         <run_address>0x61a</run_address>
         <size>0x6c</size>
         <input_file_ref idref="fl-f"/>
      </object_component>
      <object_component id="oc-131">
         <name>.debug_abbrev</name>
         <load_address>0x686</load_address>
         <run_address>0x686</run_address>
         <size>0x6c</size>
         <input_file_ref idref="fl-f"/>
      </object_component>
      <object_component id="oc-19f">
         <name>.debug_abbrev</name>
         <load_address>0x6f2</load_address>
         <run_address>0x6f2</run_address>
         <size>0x69</size>
         <input_file_ref idref="fl-f"/>
      </object_component>
      <object_component id="oc-19a">
         <name>.debug_abbrev</name>
         <load_address>0x75b</load_address>
         <run_address>0x75b</run_address>
         <size>0x97</size>
         <input_file_ref idref="fl-f"/>
      </object_component>
      <object_component id="oc-195">
         <name>.debug_abbrev</name>
         <load_address>0x7f2</load_address>
         <run_address>0x7f2</run_address>
         <size>0xbd</size>
         <input_file_ref idref="fl-f"/>
      </object_component>
      <object_component id="oc-16a">
         <name>.debug_abbrev</name>
         <load_address>0x8af</load_address>
         <run_address>0x8af</run_address>
         <size>0x5c</size>
         <input_file_ref idref="fl-f"/>
      </object_component>
      <object_component id="oc-12e">
         <name>.debug_abbrev</name>
         <load_address>0x90b</load_address>
         <run_address>0x90b</run_address>
         <size>0x24</size>
         <input_file_ref idref="fl-f"/>
      </object_component>
      <object_component id="oc-125">
         <name>.debug_abbrev</name>
         <load_address>0x92f</load_address>
         <run_address>0x92f</run_address>
         <size>0x24</size>
         <input_file_ref idref="fl-f"/>
      </object_component>
      <object_component id="oc-122">
         <name>.debug_abbrev</name>
         <load_address>0x953</load_address>
         <run_address>0x953</run_address>
         <size>0x5e</size>
         <input_file_ref idref="fl-11"/>
      </object_component>
      <object_component id="oc-76">
         <name>.debug_abbrev</name>
         <load_address>0x9b1</load_address>
         <run_address>0x9b1</run_address>
         <size>0x29</size>
         <input_file_ref idref="fl-cc"/>
      </object_component>
      <object_component id="oc-a0">
         <name>.debug_abbrev</name>
         <load_address>0x9da</load_address>
         <run_address>0x9da</run_address>
         <size>0x55</size>
         <input_file_ref idref="fl-cc"/>
      </object_component>
      <object_component id="oc-c9">
         <name>.debug_abbrev</name>
         <load_address>0xa2f</load_address>
         <run_address>0xa2f</run_address>
         <size>0x55</size>
         <input_file_ref idref="fl-d0"/>
      </object_component>
      <object_component id="oc-148">
         <name>.debug_abbrev</name>
         <load_address>0xa84</load_address>
         <run_address>0xa84</run_address>
         <size>0x45</size>
         <input_file_ref idref="fl-d2"/>
      </object_component>
      <object_component id="oc-1e4">
         <name>.debug_abbrev</name>
         <load_address>0xac9</load_address>
         <run_address>0xac9</run_address>
         <size>0xf</size>
      </object_component>
      <object_component id="oc-b9">
         <name>.debug_str</name>
         <load_address>0x0</load_address>
         <run_address>0x0</run_address>
         <size>0x2d1</size>
         <input_file_ref idref="fl-2"/>
      </object_component>
      <object_component id="oc-13d">
         <name>.debug_str</name>
         <load_address>0x2d1</load_address>
         <run_address>0x2d1</run_address>
         <size>0x4b3</size>
         <input_file_ref idref="fl-2"/>
      </object_component>
      <object_component id="oc-138">
         <name>.debug_str</name>
         <load_address>0x784</load_address>
         <run_address>0x784</run_address>
         <size>0x160d</size>
         <input_file_ref idref="fl-2"/>
      </object_component>
      <object_component id="oc-36">
         <name>.debug_str</name>
         <load_address>0x1d91</load_address>
         <run_address>0x1d91</run_address>
         <size>0xfd</size>
         <input_file_ref idref="fl-2"/>
      </object_component>
      <object_component id="oc-121">
         <name>.debug_str</name>
         <load_address>0x1e8e</load_address>
         <run_address>0x1e8e</run_address>
         <size>0x367</size>
         <input_file_ref idref="fl-2"/>
      </object_component>
      <object_component id="oc-147">
         <name>.debug_str</name>
         <load_address>0x21f5</load_address>
         <run_address>0x21f5</run_address>
         <size>0x1dc</size>
         <input_file_ref idref="fl-2"/>
      </object_component>
      <object_component id="oc-142">
         <name>.debug_str</name>
         <load_address>0x23d1</load_address>
         <run_address>0x23d1</run_address>
         <size>0x169</size>
         <input_file_ref idref="fl-2"/>
      </object_component>
      <object_component id="oc-1a1">
         <name>.debug_str</name>
         <load_address>0x253a</load_address>
         <run_address>0x253a</run_address>
         <size>0x2c2</size>
         <input_file_ref idref="fl-f"/>
      </object_component>
      <object_component id="oc-19c">
         <name>.debug_str</name>
         <load_address>0x27fc</load_address>
         <run_address>0x27fc</run_address>
         <size>0x499</size>
         <input_file_ref idref="fl-f"/>
      </object_component>
      <object_component id="oc-197">
         <name>.debug_str</name>
         <load_address>0x2c95</load_address>
         <run_address>0x2c95</run_address>
         <size>0x1875</size>
         <input_file_ref idref="fl-f"/>
      </object_component>
      <object_component id="oc-16c">
         <name>.debug_str</name>
         <load_address>0x450a</load_address>
         <run_address>0x450a</run_address>
         <size>0x351</size>
         <input_file_ref idref="fl-f"/>
      </object_component>
      <object_component id="oc-130">
         <name>.debug_str</name>
         <load_address>0x485b</load_address>
         <run_address>0x485b</run_address>
         <size>0x1cd</size>
         <input_file_ref idref="fl-f"/>
      </object_component>
      <object_component id="oc-127">
         <name>.debug_str</name>
         <load_address>0x4a28</load_address>
         <run_address>0x4a28</run_address>
         <size>0x15a</size>
         <input_file_ref idref="fl-f"/>
      </object_component>
      <object_component id="oc-9b">
         <name>.debug_aranges</name>
         <load_address>0x0</load_address>
         <run_address>0x0</run_address>
         <size>0x20</size>
         <input_file_ref idref="fl-2"/>
      </object_component>
      <object_component id="oc-ad">
         <name>.debug_aranges</name>
         <load_address>0x20</load_address>
         <run_address>0x20</run_address>
         <size>0x20</size>
         <input_file_ref idref="fl-3"/>
      </object_component>
      <object_component id="oc-69">
         <name>.debug_aranges</name>
         <load_address>0x40</load_address>
         <run_address>0x40</run_address>
         <size>0x20</size>
         <input_file_ref idref="fl-4"/>
      </object_component>
      <object_component id="oc-6f">
         <name>.debug_aranges</name>
         <load_address>0x60</load_address>
         <run_address>0x60</run_address>
         <size>0x20</size>
         <input_file_ref idref="fl-4"/>
      </object_component>
      <object_component id="oc-d1">
         <name>.debug_aranges</name>
         <load_address>0x80</load_address>
         <run_address>0x80</run_address>
         <size>0x20</size>
         <input_file_ref idref="fl-f"/>
      </object_component>
      <object_component id="oc-da">
         <name>.debug_aranges</name>
         <load_address>0xa0</load_address>
         <run_address>0xa0</run_address>
         <size>0x20</size>
         <input_file_ref idref="fl-f"/>
      </object_component>
      <object_component id="oc-cb">
         <name>.debug_aranges</name>
         <load_address>0xc0</load_address>
         <run_address>0xc0</run_address>
         <size>0x20</size>
         <input_file_ref idref="fl-11"/>
      </object_component>
      <object_component id="oc-51">
         <name>.debug_aranges</name>
         <load_address>0xe0</load_address>
         <run_address>0xe0</run_address>
         <size>0x20</size>
         <input_file_ref idref="fl-cc"/>
      </object_component>
      <object_component id="oc-95">
         <name>.debug_aranges</name>
         <load_address>0x100</load_address>
         <run_address>0x100</run_address>
         <size>0x20</size>
         <input_file_ref idref="fl-d0"/>
      </object_component>
      <object_component id="oc-e0">
         <name>.debug_aranges</name>
         <load_address>0x120</load_address>
         <run_address>0x120</run_address>
         <size>0x20</size>
         <input_file_ref idref="fl-d2"/>
      </object_component>
      <object_component id="oc-9c">
         <name>.debug_pubnames</name>
         <load_address>0x0</load_address>
         <run_address>0x0</run_address>
         <size>0x1b</size>
         <input_file_ref idref="fl-2"/>
      </object_component>
      <object_component id="oc-ae">
         <name>.debug_pubnames</name>
         <load_address>0x1b</load_address>
         <run_address>0x1b</run_address>
         <size>0x21</size>
         <input_file_ref idref="fl-3"/>
      </object_component>
      <object_component id="oc-28">
         <name>.debug_pubnames</name>
         <load_address>0x3c</load_address>
         <run_address>0x3c</run_address>
         <size>0x27</size>
         <input_file_ref idref="fl-4"/>
      </object_component>
      <object_component id="oc-6a">
         <name>.debug_pubnames</name>
         <load_address>0x63</load_address>
         <run_address>0x63</run_address>
         <size>0x24</size>
         <input_file_ref idref="fl-4"/>
      </object_component>
      <object_component id="oc-70">
         <name>.debug_pubnames</name>
         <load_address>0x87</load_address>
         <run_address>0x87</run_address>
         <size>0x26</size>
         <input_file_ref idref="fl-4"/>
      </object_component>
      <object_component id="oc-12a">
         <name>.debug_pubnames</name>
         <load_address>0xad</load_address>
         <run_address>0xad</run_address>
         <size>0x28</size>
         <input_file_ref idref="fl-f"/>
      </object_component>
      <object_component id="oc-d5">
         <name>.debug_pubnames</name>
         <load_address>0xd5</load_address>
         <run_address>0xd5</run_address>
         <size>0x2a</size>
         <input_file_ref idref="fl-f"/>
      </object_component>
      <object_component id="oc-db">
         <name>.debug_pubnames</name>
         <load_address>0xff</load_address>
         <run_address>0xff</run_address>
         <size>0x2d</size>
         <input_file_ref idref="fl-f"/>
      </object_component>
      <object_component id="oc-cd">
         <name>.debug_pubnames</name>
         <load_address>0x12c</load_address>
         <run_address>0x12c</run_address>
         <size>0x26</size>
         <input_file_ref idref="fl-11"/>
      </object_component>
      <object_component id="oc-2b">
         <name>.debug_pubnames</name>
         <load_address>0x152</load_address>
         <run_address>0x152</run_address>
         <size>0x1e</size>
         <input_file_ref idref="fl-cc"/>
      </object_component>
      <object_component id="oc-52">
         <name>.debug_pubnames</name>
         <load_address>0x170</load_address>
         <run_address>0x170</run_address>
         <size>0x2d</size>
         <input_file_ref idref="fl-cc"/>
      </object_component>
      <object_component id="oc-97">
         <name>.debug_pubnames</name>
         <load_address>0x19d</load_address>
         <run_address>0x19d</run_address>
         <size>0x27</size>
         <input_file_ref idref="fl-d0"/>
      </object_component>
      <object_component id="oc-e1">
         <name>.debug_pubnames</name>
         <load_address>0x1c4</load_address>
         <run_address>0x1c4</run_address>
         <size>0x1c</size>
         <input_file_ref idref="fl-d2"/>
      </object_component>
      <object_component id="oc-b6">
         <name>.debug_pubtypes</name>
         <load_address>0x0</load_address>
         <run_address>0x0</run_address>
         <size>0x25c</size>
         <input_file_ref idref="fl-2"/>
      </object_component>
      <object_component id="oc-13a">
         <name>.debug_pubtypes</name>
         <load_address>0x25c</load_address>
         <run_address>0x25c</run_address>
         <size>0xdd</size>
         <input_file_ref idref="fl-2"/>
      </object_component>
      <object_component id="oc-135">
         <name>.debug_pubtypes</name>
         <load_address>0x339</load_address>
         <run_address>0x339</run_address>
         <size>0x2ce</size>
         <input_file_ref idref="fl-2"/>
      </object_component>
      <object_component id="oc-33">
         <name>.debug_pubtypes</name>
         <load_address>0x607</load_address>
         <run_address>0x607</run_address>
         <size>0xed</size>
         <input_file_ref idref="fl-2"/>
      </object_component>
      <object_component id="oc-11e">
         <name>.debug_pubtypes</name>
         <load_address>0x6f4</load_address>
         <run_address>0x6f4</run_address>
         <size>0x330</size>
         <input_file_ref idref="fl-2"/>
      </object_component>
      <object_component id="oc-144">
         <name>.debug_pubtypes</name>
         <load_address>0xa24</load_address>
         <run_address>0xa24</run_address>
         <size>0x12e</size>
         <input_file_ref idref="fl-2"/>
      </object_component>
      <object_component id="oc-13f">
         <name>.debug_pubtypes</name>
         <load_address>0xb52</load_address>
         <run_address>0xb52</run_address>
         <size>0xaa</size>
         <input_file_ref idref="fl-2"/>
      </object_component>
      <object_component id="oc-19e">
         <name>.debug_pubtypes</name>
         <load_address>0xbfc</load_address>
         <run_address>0xbfc</run_address>
         <size>0x25c</size>
         <input_file_ref idref="fl-f"/>
      </object_component>
      <object_component id="oc-199">
         <name>.debug_pubtypes</name>
         <load_address>0xe58</load_address>
         <run_address>0xe58</run_address>
         <size>0xdd</size>
         <input_file_ref idref="fl-f"/>
      </object_component>
      <object_component id="oc-194">
         <name>.debug_pubtypes</name>
         <load_address>0xf35</load_address>
         <run_address>0xf35</run_address>
         <size>0x317</size>
         <input_file_ref idref="fl-f"/>
      </object_component>
      <object_component id="oc-169">
         <name>.debug_pubtypes</name>
         <load_address>0x124c</load_address>
         <run_address>0x124c</run_address>
         <size>0x325</size>
         <input_file_ref idref="fl-f"/>
      </object_component>
      <object_component id="oc-12d">
         <name>.debug_pubtypes</name>
         <load_address>0x1571</load_address>
         <run_address>0x1571</run_address>
         <size>0x12e</size>
         <input_file_ref idref="fl-f"/>
      </object_component>
      <object_component id="oc-124">
         <name>.debug_pubtypes</name>
         <load_address>0x169f</load_address>
         <run_address>0x169f</run_address>
         <size>0xaa</size>
         <input_file_ref idref="fl-f"/>
      </object_component>
   </object_component_list>
   <logical_group_list>
      <logical_group id="lg-3" display="no" color="cyan">
         <name>.intvecs</name>
         <load_address>0x0</load_address>
         <run_address>0x0</run_address>
         <size>0xe4</size>
         <contents>
            <object_component_ref idref="oc-26"/>
         </contents>
      </logical_group>
      <logical_group id="lg-4" display="no" color="cyan">
         <name>.text</name>
         <load_address>0xe4</load_address>
         <run_address>0xe4</run_address>
         <size>0x17a</size>
         <contents>
            <object_component_ref idref="oc-ab"/>
            <object_component_ref idref="oc-d0"/>
            <object_component_ref idref="oc-99"/>
            <object_component_ref idref="oc-4f"/>
            <object_component_ref idref="oc-d6"/>
            <object_component_ref idref="oc-ca"/>
            <object_component_ref idref="oc-67"/>
            <object_component_ref idref="oc-93"/>
            <object_component_ref idref="oc-de"/>
            <object_component_ref idref="oc-6d"/>
         </contents>
      </logical_group>
      <logical_group id="lg-5" display="no" color="cyan">
         <name>.const</name>
         <load_address>0x260</load_address>
         <run_address>0x260</run_address>
         <size>0x30</size>
         <contents>
            <object_component_ref idref="oc-128"/>
         </contents>
      </logical_group>
      <logical_group id="lg-6" display="no" color="cyan">
         <name>.cinit</name>
         <run_address>0x0</run_address>
         <size>0x0</size>
         <contents>
         </contents>
      </logical_group>
      <logical_group id="lg-7" display="no" color="cyan">
         <name>.pinit</name>
         <run_address>0x0</run_address>
         <size>0x0</size>
         <contents>
         </contents>
      </logical_group>
      <logical_group id="lg-8" display="no" color="cyan">
         <name>.init_array</name>
         <run_address>0x0</run_address>
         <size>0x0</size>
         <contents>
         </contents>
      </logical_group>
      <logical_group id="lg-9" display="no" color="cyan">
         <name>.binit</name>
         <load_address>0x0</load_address>
         <run_address>0x0</run_address>
         <size>0x0</size>
         <contents>
            <object_component_ref idref="oc-1b4"/>
         </contents>
      </logical_group>
      <logical_group id="lg-a" display="no" color="cyan">
         <name>.flashMailbox</name>
         <run_address>0x0</run_address>
         <size>0x0</size>
         <contents>
         </contents>
      </logical_group>
      <logical_group id="lg-b" display="no" color="cyan">
         <name>.tlvTable</name>
         <run_address>0x0</run_address>
         <size>0x0</size>
         <contents>
         </contents>
      </logical_group>
      <logical_group id="lg-c" display="no" color="cyan">
         <name>.bslArea</name>
         <run_address>0x0</run_address>
         <size>0x0</size>
         <contents>
         </contents>
      </logical_group>
      <logical_group id="lg-d" display="no" color="cyan">
         <name>.vtable</name>
         <run_address>0x0</run_address>
         <size>0x0</size>
         <contents>
         </contents>
      </logical_group>
      <logical_group id="lg-e" display="no" color="cyan">
         <name>.data</name>
         <run_address>0x0</run_address>
         <size>0x0</size>
         <contents>
         </contents>
      </logical_group>
      <logical_group id="lg-f" display="no" color="cyan">
         <name>.bss</name>
         <run_address>0x0</run_address>
         <size>0x0</size>
         <contents>
         </contents>
      </logical_group>
      <logical_group id="lg-10" display="no" color="cyan">
         <name>.sysmem</name>
         <run_address>0x0</run_address>
         <size>0x0</size>
         <contents>
         </contents>
      </logical_group>
      <logical_group id="lg-11" display="no" color="cyan">
         <name>.stack</name>
         <run_address>0x2000fe00</run_address>
         <size>0x200</size>
         <contents>
            <object_component_ref idref="oc-29"/>
            <object_component_ref idref="oc-1e2"/>
         </contents>
      </logical_group>
      <logical_group id="lg-12" display="no" color="cyan">
         <name>.TI.ramfunc</name>
         <run_address>0x0</run_address>
         <size>0x0</size>
         <contents>
         </contents>
      </logical_group>
      <logical_group id="lg-1b1" display="no" color="cyan">
         <name>.TI.noinit</name>
         <run_address>0x0</run_address>
         <size>0x0</size>
         <contents>
         </contents>
      </logical_group>
      <logical_group id="lg-1b2" display="no" color="cyan">
         <name>.TI.persistent</name>
         <run_address>0x0</run_address>
         <size>0x0</size>
         <contents>
         </contents>
      </logical_group>
      <logical_group id="lg-1b3" display="no" color="cyan">
         <name>__llvm_prf_cnts</name>
         <run_address>0x20000000</run_address>
         <size>0x0</size>
         <contents>
         </contents>
      </logical_group>
      <logical_group id="lg-1c8" display="never" color="cyan">
         <name>.debug_info</name>
         <load_address>0x0</load_address>
         <run_address>0x0</run_address>
         <size>0xcd52</size>
         <contents>
            <object_component_ref idref="oc-dd"/>
            <object_component_ref idref="oc-9a"/>
            <object_component_ref idref="oc-b5"/>
            <object_component_ref idref="oc-139"/>
            <object_component_ref idref="oc-134"/>
            <object_component_ref idref="oc-32"/>
            <object_component_ref idref="oc-11d"/>
            <object_component_ref idref="oc-143"/>
            <object_component_ref idref="oc-13e"/>
            <object_component_ref idref="oc-ac"/>
            <object_component_ref idref="oc-75"/>
            <object_component_ref idref="oc-27"/>
            <object_component_ref idref="oc-68"/>
            <object_component_ref idref="oc-6e"/>
            <object_component_ref idref="oc-16f"/>
            <object_component_ref idref="oc-129"/>
            <object_component_ref idref="oc-d4"/>
            <object_component_ref idref="oc-d9"/>
            <object_component_ref idref="oc-19d"/>
            <object_component_ref idref="oc-198"/>
            <object_component_ref idref="oc-193"/>
            <object_component_ref idref="oc-168"/>
            <object_component_ref idref="oc-12c"/>
            <object_component_ref idref="oc-123"/>
            <object_component_ref idref="oc-cc"/>
            <object_component_ref idref="oc-2a"/>
            <object_component_ref idref="oc-50"/>
            <object_component_ref idref="oc-96"/>
            <object_component_ref idref="oc-df"/>
            <object_component_ref idref="oc-1e3"/>
         </contents>
      </logical_group>
      <logical_group id="lg-1ca" display="never" color="cyan">
         <name>.debug_line</name>
         <load_address>0x0</load_address>
         <run_address>0x0</run_address>
         <size>0xa6f</size>
         <contents>
            <object_component_ref idref="oc-133"/>
            <object_component_ref idref="oc-9d"/>
            <object_component_ref idref="oc-b8"/>
            <object_component_ref idref="oc-13c"/>
            <object_component_ref idref="oc-137"/>
            <object_component_ref idref="oc-35"/>
            <object_component_ref idref="oc-120"/>
            <object_component_ref idref="oc-146"/>
            <object_component_ref idref="oc-141"/>
            <object_component_ref idref="oc-af"/>
            <object_component_ref idref="oc-b4"/>
            <object_component_ref idref="oc-74"/>
            <object_component_ref idref="oc-6b"/>
            <object_component_ref idref="oc-71"/>
            <object_component_ref idref="oc-192"/>
            <object_component_ref idref="oc-16e"/>
            <object_component_ref idref="oc-d2"/>
            <object_component_ref idref="oc-d7"/>
            <object_component_ref idref="oc-1a0"/>
            <object_component_ref idref="oc-19b"/>
            <object_component_ref idref="oc-196"/>
            <object_component_ref idref="oc-16b"/>
            <object_component_ref idref="oc-12f"/>
            <object_component_ref idref="oc-126"/>
            <object_component_ref idref="oc-ce"/>
            <object_component_ref idref="oc-77"/>
            <object_component_ref idref="oc-54"/>
            <object_component_ref idref="oc-94"/>
            <object_component_ref idref="oc-e3"/>
         </contents>
      </logical_group>
      <logical_group id="lg-1cc" display="never" color="cyan">
         <name>.debug_frame</name>
         <load_address>0x0</load_address>
         <run_address>0x0</run_address>
         <size>0x358</size>
         <contents>
            <object_component_ref idref="oc-9e"/>
            <object_component_ref idref="oc-b0"/>
            <object_component_ref idref="oc-6c"/>
            <object_component_ref idref="oc-72"/>
            <object_component_ref idref="oc-d3"/>
            <object_component_ref idref="oc-d8"/>
            <object_component_ref idref="oc-cf"/>
            <object_component_ref idref="oc-53"/>
            <object_component_ref idref="oc-98"/>
            <object_component_ref idref="oc-e2"/>
         </contents>
      </logical_group>
      <logical_group id="lg-1ce" display="never" color="cyan">
         <name>.debug_abbrev</name>
         <load_address>0x0</load_address>
         <run_address>0x0</run_address>
         <size>0xad8</size>
         <contents>
            <object_component_ref idref="oc-132"/>
            <object_component_ref idref="oc-dc"/>
            <object_component_ref idref="oc-b7"/>
            <object_component_ref idref="oc-13b"/>
            <object_component_ref idref="oc-136"/>
            <object_component_ref idref="oc-34"/>
            <object_component_ref idref="oc-11f"/>
            <object_component_ref idref="oc-145"/>
            <object_component_ref idref="oc-140"/>
            <object_component_ref idref="oc-11c"/>
            <object_component_ref idref="oc-b3"/>
            <object_component_ref idref="oc-73"/>
            <object_component_ref idref="oc-b1"/>
            <object_component_ref idref="oc-b2"/>
            <object_component_ref idref="oc-191"/>
            <object_component_ref idref="oc-16d"/>
            <object_component_ref idref="oc-12b"/>
            <object_component_ref idref="oc-131"/>
            <object_component_ref idref="oc-19f"/>
            <object_component_ref idref="oc-19a"/>
            <object_component_ref idref="oc-195"/>
            <object_component_ref idref="oc-16a"/>
            <object_component_ref idref="oc-12e"/>
            <object_component_ref idref="oc-125"/>
            <object_component_ref idref="oc-122"/>
            <object_component_ref idref="oc-76"/>
            <object_component_ref idref="oc-a0"/>
            <object_component_ref idref="oc-c9"/>
            <object_component_ref idref="oc-148"/>
            <object_component_ref idref="oc-1e4"/>
         </contents>
      </logical_group>
      <logical_group id="lg-1d0" display="never" color="cyan">
         <name>.debug_str</name>
         <load_address>0x0</load_address>
         <run_address>0x0</run_address>
         <size>0x4b82</size>
         <contents>
            <object_component_ref idref="oc-b9"/>
            <object_component_ref idref="oc-13d"/>
            <object_component_ref idref="oc-138"/>
            <object_component_ref idref="oc-36"/>
            <object_component_ref idref="oc-121"/>
            <object_component_ref idref="oc-147"/>
            <object_component_ref idref="oc-142"/>
            <object_component_ref idref="oc-1a1"/>
            <object_component_ref idref="oc-19c"/>
            <object_component_ref idref="oc-197"/>
            <object_component_ref idref="oc-16c"/>
            <object_component_ref idref="oc-130"/>
            <object_component_ref idref="oc-127"/>
         </contents>
      </logical_group>
      <logical_group id="lg-1d2" display="never" color="cyan">
         <name>.debug_aranges</name>
         <load_address>0x0</load_address>
         <run_address>0x0</run_address>
         <size>0x140</size>
         <contents>
            <object_component_ref idref="oc-9b"/>
            <object_component_ref idref="oc-ad"/>
            <object_component_ref idref="oc-69"/>
            <object_component_ref idref="oc-6f"/>
            <object_component_ref idref="oc-d1"/>
            <object_component_ref idref="oc-da"/>
            <object_component_ref idref="oc-cb"/>
            <object_component_ref idref="oc-51"/>
            <object_component_ref idref="oc-95"/>
            <object_component_ref idref="oc-e0"/>
         </contents>
      </logical_group>
      <logical_group id="lg-1d4" display="never" color="cyan">
         <name>.debug_pubnames</name>
         <load_address>0x0</load_address>
         <run_address>0x0</run_address>
         <size>0x1e0</size>
         <contents>
            <object_component_ref idref="oc-9c"/>
            <object_component_ref idref="oc-ae"/>
            <object_component_ref idref="oc-28"/>
            <object_component_ref idref="oc-6a"/>
            <object_component_ref idref="oc-70"/>
            <object_component_ref idref="oc-12a"/>
            <object_component_ref idref="oc-d5"/>
            <object_component_ref idref="oc-db"/>
            <object_component_ref idref="oc-cd"/>
            <object_component_ref idref="oc-2b"/>
            <object_component_ref idref="oc-52"/>
            <object_component_ref idref="oc-97"/>
            <object_component_ref idref="oc-e1"/>
         </contents>
      </logical_group>
      <logical_group id="lg-1d6" display="never" color="cyan">
         <name>.debug_pubtypes</name>
         <load_address>0x0</load_address>
         <run_address>0x0</run_address>
         <size>0x1749</size>
         <contents>
            <object_component_ref idref="oc-b6"/>
            <object_component_ref idref="oc-13a"/>
            <object_component_ref idref="oc-135"/>
            <object_component_ref idref="oc-33"/>
            <object_component_ref idref="oc-11e"/>
            <object_component_ref idref="oc-144"/>
            <object_component_ref idref="oc-13f"/>
            <object_component_ref idref="oc-19e"/>
            <object_component_ref idref="oc-199"/>
            <object_component_ref idref="oc-194"/>
            <object_component_ref idref="oc-169"/>
            <object_component_ref idref="oc-12d"/>
            <object_component_ref idref="oc-124"/>
         </contents>
      </logical_group>
      <logical_group id="lg-1e1" display="no" color="cyan">
         <name>Veneer$$CMSE</name>
         <run_address>0x0</run_address>
         <size>0x0</size>
         <contents>
         </contents>
      </logical_group>
      <load_segment id="lg-1e5" display="no" color="cyan">
         <name>SEGMENT_0</name>
         <load_address>0x0</load_address>
         <run_address>0x0</run_address>
         <size>0x290</size>
         <flags>0x5</flags>
         <contents>
            <logical_group_ref idref="lg-3"/>
            <logical_group_ref idref="lg-4"/>
            <logical_group_ref idref="lg-5"/>
         </contents>
      </load_segment>
      <load_segment id="lg-1e6" display="no" color="cyan">
         <name>SEGMENT_1</name>
         <run_address>0x2000fe00</run_address>
         <size>0x200</size>
         <flags>0x6</flags>
         <contents>
            <logical_group_ref idref="lg-11"/>
         </contents>
      </load_segment>
   </logical_group_list>
   <placement_map>
      <memory_area display="yes" color="green">
         <name>MAIN</name>
         <page_id>0x0</page_id>
         <origin>0x0</origin>
         <length>0x40000</length>
         <used_space>0x28e</used_space>
         <unused_space>0x3fd72</unused_space>
         <attributes>RX</attributes>
         <usage_details>
            <allocated_space>
               <start_address>0x0</start_address>
               <size>0x0</size>
               <logical_group_ref idref="lg-9"/>
            </allocated_space>
            <allocated_space>
               <start_address>0x0</start_address>
               <size>0xe4</size>
               <logical_group_ref idref="lg-3"/>
            </allocated_space>
            <allocated_space>
               <start_address>0xe4</start_address>
               <size>0x17a</size>
               <logical_group_ref idref="lg-4"/>
            </allocated_space>
            <available_space>
               <start_address>0x25e</start_address>
               <size>0x2</size>
            </available_space>
            <allocated_space>
               <start_address>0x260</start_address>
               <size>0x30</size>
               <logical_group_ref idref="lg-5"/>
            </allocated_space>
            <available_space>
               <start_address>0x290</start_address>
               <size>0x3fd70</size>
            </available_space>
         </usage_details>
      </memory_area>
      <memory_area display="yes" color="green">
         <name>INFO</name>
         <page_id>0x0</page_id>
         <origin>0x200000</origin>
         <length>0x4000</length>
         <used_space>0x0</used_space>
         <unused_space>0x4000</unused_space>
         <attributes>RX</attributes>
         <usage_details>
         </usage_details>
      </memory_area>
      <memory_area display="yes" color="green">
         <name>SRAM_CODE</name>
         <page_id>0x0</page_id>
         <origin>0x1000000</origin>
         <length>0x10000</length>
         <used_space>0x200</used_space>
         <unused_space>0xfe00</unused_space>
         <attributes>RWX</attributes>
         <usage_details>
            <allocated_space>
               <start_address>0x1000000</start_address>
               <size>0x0</size>
               <logical_group_ref idref="lg-1b3"/>
            </allocated_space>
            <available_space>
               <start_address>0x1000000</start_address>
               <size>0xfe00</size>
            </available_space>
            <allocated_space>
               <start_address>0x100fe00</start_address>
               <size>0x200</size>
               <logical_group_ref idref="lg-11"/>
            </allocated_space>
         </usage_details>
      </memory_area>
      <memory_area display="yes" color="green">
         <name>SRAM_DATA</name>
         <page_id>0x0</page_id>
         <origin>0x20000000</origin>
         <length>0x10000</length>
         <used_space>0x200</used_space>
         <unused_space>0xfe00</unused_space>
         <attributes>RW</attributes>
         <usage_details>
            <allocated_space>
               <start_address>0x20000000</start_address>
               <size>0x0</size>
               <logical_group_ref idref="lg-1b3"/>
            </allocated_space>
            <available_space>
               <start_address>0x20000000</start_address>
               <size>0xfe00</size>
            </available_space>
            <allocated_space>
               <start_address>0x2000fe00</start_address>
               <size>0x200</size>
               <logical_group_ref idref="lg-11"/>
            </allocated_space>
         </usage_details>
      </memory_area>
   </placement_map>
   <symbol_table>
      <symbol id="sm-1">
         <name>WDTCTL_SYM</name>
         <value>0x4000480c</value>
      </symbol>
      <symbol id="sm-2">
         <name>__start___llvm_prf_cnts</name>
         <value>0x20000000</value>
      </symbol>
      <symbol id="sm-3">
         <name>__stop___llvm_prf_cnts</name>
         <value>0x20000000</value>
      </symbol>
      <symbol id="sm-4">
         <name>binit</name>
         <value>0xffffffff</value>
      </symbol>
      <symbol id="sm-5">
         <name>__binit__</name>
         <value>0xffffffff</value>
      </symbol>
      <symbol id="sm-6">
         <name>__STACK_SIZE</name>
         <value>0x200</value>
      </symbol>
      <symbol id="sm-7">
         <name>__STACK_END</name>
         <value>0x20010000</value>
      </symbol>
      <symbol id="sm-8">
         <name>__c_args__</name>
         <value>0xffffffff</value>
      </symbol>
      <symbol id="sm-9">
         <name>__TI_pprof_out_hndl</name>
         <value>0xffffffff</value>
      </symbol>
      <symbol id="sm-a">
         <name>__TI_prof_data_start</name>
         <value>0xffffffff</value>
      </symbol>
      <symbol id="sm-b">
         <name>__TI_prof_data_size</name>
         <value>0xffffffff</value>
      </symbol>
      <symbol id="sm-c">
         <name>__TI_static_base__</name>
         <value>0x0</value>
      </symbol>
      <symbol id="sm-5c">
         <name>main</name>
         <value>0x19d</value>
         <object_component_ref idref="oc-99"/>
      </symbol>
      <symbol id="sm-6f">
         <name>SystemInit</name>
         <value>0xe5</value>
         <object_component_ref idref="oc-ab"/>
      </symbol>
      <symbol id="sm-8b">
         <name>Reset_Handler</name>
         <value>0x249</value>
         <object_component_ref idref="oc-67"/>
      </symbol>
      <symbol id="sm-8c">
         <name>Default_Handler</name>
         <value>0x25d</value>
         <object_component_ref idref="oc-6d"/>
      </symbol>
      <symbol id="sm-8d">
         <name>interruptVectors</name>
         <value>0x0</value>
         <object_component_ref idref="oc-26"/>
      </symbol>
      <symbol id="sm-cc">
         <name>GPIO_setAsOutputPin</name>
         <value>0x15d</value>
         <object_component_ref idref="oc-d0"/>
      </symbol>
      <symbol id="sm-cd">
         <name>GPIO_toggleOutputOnPin</name>
         <value>0x1fd</value>
         <object_component_ref idref="oc-d6"/>
      </symbol>
      <symbol id="sm-da">
         <name>WDT_A_holdTimer</name>
         <value>0x225</value>
         <object_component_ref idref="oc-ca"/>
      </symbol>
      <symbol id="sm-f1">
         <name>_c_int00_noinit_noargs</name>
         <value>0x1d1</value>
         <object_component_ref idref="oc-4f"/>
      </symbol>
      <symbol id="sm-f2">
         <name>__stack</name>
         <value>0x2000fe00</value>
         <object_component_ref idref="oc-29"/>
      </symbol>
      <symbol id="sm-ff">
         <name>_system_pre_init</name>
         <value>0x255</value>
         <object_component_ref idref="oc-93"/>
      </symbol>
      <symbol id="sm-10b">
         <name>C$$EXIT</name>
         <value>0x259</value>
         <object_component_ref idref="oc-de"/>
      </symbol>
      <symbol id="sm-10c">
         <name>abort</name>
         <value>0x259</value>
         <object_component_ref idref="oc-de"/>
      </symbol>
      <symbol id="sm-10f">
         <name>__mpu_init</name>
         <value>0x0</value>
      </symbol>
      <symbol id="sm-110">
         <name>NMI_Handler</name>
         <value>0x25d</value>
      </symbol>
      <symbol id="sm-111">
         <name>HardFault_Handler</name>
         <value>0x25d</value>
      </symbol>
      <symbol id="sm-112">
         <name>MemManage_Handler</name>
         <value>0x25d</value>
      </symbol>
      <symbol id="sm-113">
         <name>BusFault_Handler</name>
         <value>0x25d</value>
      </symbol>
      <symbol id="sm-114">
         <name>UsageFault_Handler</name>
         <value>0x25d</value>
      </symbol>
      <symbol id="sm-115">
         <name>SVC_Handler</name>
         <value>0x25d</value>
      </symbol>
      <symbol id="sm-116">
         <name>DebugMon_Handler</name>
         <value>0x25d</value>
      </symbol>
      <symbol id="sm-117">
         <name>PendSV_Handler</name>
         <value>0x25d</value>
      </symbol>
      <symbol id="sm-118">
         <name>SysTick_Handler</name>
         <value>0x25d</value>
      </symbol>
      <symbol id="sm-119">
         <name>PSS_IRQHandler</name>
         <value>0x25d</value>
      </symbol>
      <symbol id="sm-11a">
         <name>CS_IRQHandler</name>
         <value>0x25d</value>
      </symbol>
      <symbol id="sm-11b">
         <name>PCM_IRQHandler</name>
         <value>0x25d</value>
      </symbol>
      <symbol id="sm-11c">
         <name>WDT_A_IRQHandler</name>
         <value>0x25d</value>
      </symbol>
      <symbol id="sm-11d">
         <name>FPU_IRQHandler</name>
         <value>0x25d</value>
      </symbol>
      <symbol id="sm-11e">
         <name>FLCTL_IRQHandler</name>
         <value>0x25d</value>
      </symbol>
      <symbol id="sm-11f">
         <name>COMP_E0_IRQHandler</name>
         <value>0x25d</value>
      </symbol>
      <symbol id="sm-120">
         <name>COMP_E1_IRQHandler</name>
         <value>0x25d</value>
      </symbol>
      <symbol id="sm-121">
         <name>TA0_0_IRQHandler</name>
         <value>0x25d</value>
      </symbol>
      <symbol id="sm-122">
         <name>TA0_N_IRQHandler</name>
         <value>0x25d</value>
      </symbol>
      <symbol id="sm-123">
         <name>TA1_0_IRQHandler</name>
         <value>0x25d</value>
      </symbol>
      <symbol id="sm-124">
         <name>TA1_N_IRQHandler</name>
         <value>0x25d</value>
      </symbol>
      <symbol id="sm-125">
         <name>TA2_0_IRQHandler</name>
         <value>0x25d</value>
      </symbol>
      <symbol id="sm-126">
         <name>TA2_N_IRQHandler</name>
         <value>0x25d</value>
      </symbol>
      <symbol id="sm-127">
         <name>TA3_0_IRQHandler</name>
         <value>0x25d</value>
      </symbol>
      <symbol id="sm-128">
         <name>TA3_N_IRQHandler</name>
         <value>0x25d</value>
      </symbol>
      <symbol id="sm-129">
         <name>EUSCIA0_IRQHandler</name>
         <value>0x25d</value>
      </symbol>
      <symbol id="sm-12a">
         <name>EUSCIA1_IRQHandler</name>
         <value>0x25d</value>
      </symbol>
      <symbol id="sm-12b">
         <name>EUSCIA2_IRQHandler</name>
         <value>0x25d</value>
      </symbol>
      <symbol id="sm-12c">
         <name>EUSCIA3_IRQHandler</name>
         <value>0x25d</value>
      </symbol>
      <symbol id="sm-12d">
         <name>EUSCIB0_IRQHandler</name>
         <value>0x25d</value>
      </symbol>
      <symbol id="sm-12e">
         <name>EUSCIB1_IRQHandler</name>
         <value>0x25d</value>
      </symbol>
      <symbol id="sm-12f">
         <name>EUSCIB2_IRQHandler</name>
         <value>0x25d</value>
      </symbol>
      <symbol id="sm-130">
         <name>EUSCIB3_IRQHandler</name>
         <value>0x25d</value>
      </symbol>
      <symbol id="sm-131">
         <name>ADC14_IRQHandler</name>
         <value>0x25d</value>
      </symbol>
      <symbol id="sm-132">
         <name>T32_INT1_IRQHandler</name>
         <value>0x25d</value>
      </symbol>
      <symbol id="sm-133">
         <name>T32_INT2_IRQHandler</name>
         <value>0x25d</value>
      </symbol>
      <symbol id="sm-134">
         <name>T32_INTC_IRQHandler</name>
         <value>0x25d</value>
      </symbol>
      <symbol id="sm-135">
         <name>AES256_IRQHandler</name>
         <value>0x25d</value>
      </symbol>
      <symbol id="sm-136">
         <name>RTC_C_IRQHandler</name>
         <value>0x25d</value>
      </symbol>
      <symbol id="sm-137">
         <name>DMA_ERR_IRQHandler</name>
         <value>0x25d</value>
      </symbol>
      <symbol id="sm-138">
         <name>DMA_INT3_IRQHandler</name>
         <value>0x25d</value>
      </symbol>
      <symbol id="sm-139">
         <name>DMA_INT2_IRQHandler</name>
         <value>0x25d</value>
      </symbol>
      <symbol id="sm-13a">
         <name>DMA_INT1_IRQHandler</name>
         <value>0x25d</value>
      </symbol>
      <symbol id="sm-13b">
         <name>DMA_INT0_IRQHandler</name>
         <value>0x25d</value>
      </symbol>
      <symbol id="sm-13c">
         <name>PORT1_IRQHandler</name>
         <value>0x25d</value>
      </symbol>
      <symbol id="sm-13d">
         <name>PORT2_IRQHandler</name>
         <value>0x25d</value>
      </symbol>
      <symbol id="sm-13e">
         <name>PORT3_IRQHandler</name>
         <value>0x25d</value>
      </symbol>
      <symbol id="sm-13f">
         <name>PORT4_IRQHandler</name>
         <value>0x25d</value>
      </symbol>
      <symbol id="sm-140">
         <name>PORT5_IRQHandler</name>
         <value>0x25d</value>
      </symbol>
      <symbol id="sm-141">
         <name>PORT6_IRQHandler</name>
         <value>0x25d</value>
      </symbol>
   </symbol_table>
   <title>Link successful</title>
</link_info>
